# Abbreviation Configuration
abbreviations.da = Adm.,adm.,Adr.,adr.,Afd.,afd.,Afg.,afg.,afl.,Afs.,afs.,Alm.,alm.,amer.,amp.,ang.,Ank.,ank.,anm.,Anv.,anv.,apr.,arr.,art.,assn.,Att.,att.,aug.,aut.,bek.,bibl.,biol.,bl.,bl.a.,bot.,br.,Brdr.,brt.,B.S.,ca.,can.,cand.,cand.mag.,cand.jur.,cand.med.,cand.phil.,chem.,cu.,d.,da.,dagl.,d.d.,dec.,def.,dept.,dgl.,Dir.,dir.,dist.,distr.,Div.,div.,dkr.,dr.,Dr.,dr.med.,dr.jur.,ds.,d.s.s.,d.v.s.,dupl.,d.\u00E5.,e.b.,ed.,eftf.,e.g.,egl.,egtl.,ejd.,e.Kr.,eks.,ekskl.,eksp.,e.l.,el.l,el.lign.,endv.,eng.,engl.,enk.,et al.,etc.,eur.evt.,Ex.,ex.,exam.,excl.,Fam.,fam.,feb.,febr.,f.eks.,fem.,Fhv.,fhv.,Fig.,fig.,fk.,f.Kr.,fl.,flg.,fmd.,Forf.,forf.,Fork.,fork.,Forb.,forb.,foreg.,Forts.,forts.,Forr.,forr.,forsk.,fr.,Frk.,frk.,fre.,ft.,fuldm.,Fung.,fung.,f.v.t.,Fys.,fys.,gdr.,geol.,gl.,Gl.,gr.,grdl.,henh.,henh.,Henv.,henv.,hhv.,holl.,Hosp.,hosp.,hr.,Hr.,i.e.,Iflg.,iflg.,iht.,Illustr.,illustr.,indb.,inst.,Instr.,instr.,Inkl.,inkl.,Ing.,ing.,it.,ital.,i.v.,jf.,jfr.,jan.,jap.,jr.,jur.,Kapt.,kapt.,kap.,Kbh.,kbh.,kem.,Kgl.,kgl.,Kl.,kl.,korr.,Kr.,kr.,kvt.,lab.,lb.,lat.,lbs.,lejl.,lev.,lgd.,lign.,litt.,ltr.,l\u00F8.,l\u00F8r.,ma.,Maks.,maks.,man.,m.a.o.,mar.,mask.,max.,md.,mdl.,medd.,mfl.,m.fl.,mht.,mhp.,Mia.,mia.,min.,Mio.,mio.,m.m.,Modt.,modt.,modsv.,Mr.,Ms.,Mrs.,m.v.,mv.,nb.,ndf.,Ndr.,nov.,Nr.,nr.,o.a.,obs.,off.,okt.,o.l.,o.lign.,o.m.a.,omg.,Omk.,omk.,Omkr.,omkr.,Omr.,omr.,Omtr.,omtr.,on.,ons.,opl.,opr.,org.,Orig.,orig.,osv.,o.s.v.,ovenst.,overs.,ovf.,par.,pens.,pg.,pga.,p.g.a.,Ph.D.,phys.,Pk.,pk.,Pkg.,pkg.,Pkt.,pkt.,Pr.,pr.,Priv.,priv.,Prod.,prod.,Prof.,prof.,Psyk.,psyk.,p.t.,red.,Ref.,ref.,Reg.,reg.,rel.,rep.,Repr.,repr.,Resp.,resp.,Sct.,Sdr.,Sek.,sek.,sep.,sept.,Skr.,skr.,Skt.,sk.,sml.,smp.,spr.,Spsk.,spsk.,sr.,St.,st.,Stk.,stk.,Str.,str.,stud.,s.u.,sv.,s\u00F8.,s\u00F8n.,s.\u00E5.,S\u00E6dv.,s\u00E6dv.,Tabl.,tabl.,tekn.,Tel.,tel.,Telf.,telf.,ti.,tidl.,tilh.,Tlf.,tlf.,to.,tors.,tirs.,tsk.,Udbet.,udbet.,udbt.,Udg.,udg.,Uds.,uds.,Ugtl.,ugtl.,udd.,Undt.,undt.,Univ.,univ.,Vrdk.,vedk.,Vedr.,vedr.,Vejl.,vejl.,vha.,vnr.,Vol.,vol.,V\u00E6r.,v\u00E6r.,yd.,yds.,\u00D8vr.,\u00F8vr.,\u00C5rg.,\u00E5rg.,\u00C5rh.,\u00E5rh.,\u00C5rl.,\u00E5rl.
abbreviations.de = a. a. O.,a. d.,a. M.,a. Rh.,Abb.,Abf.,Abk.,ABl.,Abs.,Abt.,abzgl.,Adj.,Adm.,Adr.,Adv.,amtl.,Anh.,Ank.,Anl.,Anm.,Art.,Asst.,Aufl.,b. A.,b. w.,Bart.,Bd.,Bde.,Best.-Nr.,Betr.,Bez.,BGBl.,Bhf.,Bldg.,Brig.,Bros.,Buchst.,bzgl.,bzw.,c.-\u00E0-d.,ca.,Capt.,Chr.,Co.,Col.,Con.,Corp.,Cpl.,d. h.,d. J.,d. h.,dergl.,dgl.,Dipl.-Ing.,Dipl.-Kfm.,Dkr.,Dok.,Dr.,Dr. med.,Dr. phil.,e. h.,e. V.,e. Wz.,eh.,ehem.,eigtl.,einschl.,Ens.,entspr.,erb.,erw.,etc.,ev.,evtl.,exkl.,ff.,g. g. A.,g. U.,geb.,Gebr.,gedr.,gegr.,gek.,Gen.,Ges.,gesch.,gest.,gez.,ggf.,ggfs.,Gov.,Hon.,Hosp.,Hrsg.,I. F.,i. H. v.,i. A.,i. d. F.,i. d. g. F.,i. R.,i. v.,Ing.,Inh.,Insp.,jun.,k. o.,Kfm.,Lt.,Ltd.,m. E.,Maj.,Mio.,Mr.,Mrd.,Mrs.,Ms.,MwSt.,n. v.,Nr.,o. \u00C4.,o. B.,Op.,Ord.,Pfc.,Ph.,pp.,Prof.,Pvt.,Rep.,Reps.,Res.,Rev.,Rt.,S.,s. p. a.,s. a.,s. c.,s. o.,Sen.,Sens.,Sfc.,Sgt.,Slg.,sog.,sogen.,spp.,Sr.,St.,Std.,Supt.,Surg.,u. a.,u. \u00C4.,u. E.,u. U.,usf.,USt.,usw.,v. R. w.,Verf.,verh.,verw.,vgl.,vs.,z. B.,z. T.,z. Z.,z. Zt.,z. E.,z. H.,z. Hd.,z. Z.,z. Zt.,Zt.,zzgl.,zzt.
followers.de = Jan,Feb,M\u00e4r,Apr,Mai,Jun,Jul,Aug,Sep,Oct,Nov,Dez,Januar,Februar,M\u00e4rz,April,Mai,Juni,Juli,August,September,Oktober,November,Dezember,Mo,Di,Mi,Do,Fr,Sa,So,Montag,Dienstag,Mittwoch,Donnerstag,Freitag,Samstag,Sonntag,Quartal,Quartals,Monat,Monats,Jahres,Paar
abbreviations.en = Adj.,Adm.,Adv.,Asst.,Bart.,Bldg.,Brig.,Bros.,Capt.,Cmdr.,Col.,Comdr.,Con.,Corp.,Cpl.,DR.,Dr.,Drs.,Ens.,Gen.,Gov.,Hon.,Hr.,Hosp.,Insp.,Lt.,MM.,MR.,MRS.,MS.,Maj.,Messrs.,Mlle.,Mme.,Mr.,Mrs.,Ms.,Msgr.,Op.,Ord.,Pfc.,Ph.,Prof.,Pvt.,Rep.,Reps.,Res.,Rev.,Rt.,Sen.,Sens.,Sfc.,Sgt.,Sr.,St.,Supt.,Surg.,v.,vs.,i.e.,rev.,e.g.,min.,max.,p.p.,cit.,No.,Nos.,Art.,Nr.,pp.,[fF][iI][gG].,[fF][iI][gG][sS].,Exp.
abbreviations.es = A.C.,adj.,afmo.,J.C.,apdo.,Av.,cap.,c.f.,c.g.,Dr.,EE. UU.,esq.,etc.,f.c.,Gral.,Lic.,Fil.,Let.,N.B.,n\u00FAm.,p\u00E1g.,p\u00E1gs.,P.D.,ej.,p. ej.,Prof.,S. A.,Sr.,Sra.,S.R.C.,Srta.,Tel.,T.V.E.,Ud.,Uds.,Vd.,Vds.,a. m.,p. m.,n.,attn.,C. P.,dpto.,fig.,m\u00E1x.,m\u00EDn.,RR. HH.,S. L.
abbreviations.fr = A.M.,art.,abr.,abs.,acc.,accomp.,act.,adj.,affect.,al.,ann.,annu.,app.,append.,approx.,apr.,apt.,arr.,assoc.,auj.,automat.,auxil.,av.,ave.,avr.,B.P.,b\u00E2t.,blv.,boul.,bur.,c.-\u00E0-d.,C.N.,C.N.S.,C.P.I.,C.Q.F.D.,C.S.,ca.,cam.,cat\u00E9g.,cf.,ch.,ch.-l.,chap.,chir.,class.,coll.,comm.,conf.,config.,contr.,coop.,correct.,d\u00E9c.,d\u00E9j.,d\u00E9v.,dim.,dir.,doc.,E.A.U.,e.g.,E.U.,E.-U.,\u00C9.U.,\u00C9.-U.,\u00E9d.,env.,etc.,\u00E9val.,ex.,ext.,fasc.,f\u00E9d.,f\u00E9m.,f\u00E9v.,fig.,fluo.,fr.,gr.,grav.,hab.,hyp.,i.e.,ibid.,immob.,import.,inc.,incl.,indisp.,inf.,inter.,interj.,janv.,jeu.,juil.,larg.,lib.,LL.AA.,LL.AA.II.,LL.AA.RR.,LL.AA.SS.,LL.EE.,LL.MM.,LL.MM.II.RR.,loc. cit.,long.,lun.,m.d.,mar.,masc.,max.,mens.,mer.,m\u00E9trop.,min.,MM.,mod.,modif.,ms.,N.A.,N.B.,N.D.,N.D.A.,N.D.L.R.,N.D.T.,N.P.A.I.,N.S.,n/r\u00E9f.,n\u00E9g.,NN.SS.,nov.,num.,obj.,oct.,p. ex.,p.c.c.,p.ex.,p.j.,P.S.,part.,perf.,p\u00E9riph.,perm.,pers.,pl.,plur.,pp.,pr\u00E9c.,pr\u00E9t.,prof.,pron.,R.A.S.,rep.,R.I.P.,R.P.,R.S.V.P.,R.U.,R.-U.,R.-V.,r\u00E9dac.,r\u00E9p.,S.A.,S.A.I.,sam.,S.A.R.,S.A.S.,S.E.,S.M.,S.O.,S.S.,sec.,sect.,sept.,serv.,sing.,sp\u00E9c.,sq.,sqq.,SS.,subj.,suiv.,sup.,suppl.,symb.,T.S.V.P.,tab.,t\u00E9l.,trad.,trim.,univ.,U.S.A.,Vb.,ven.,vol.,vs.,X.O.,Z.I.
abbreviations.nl = Dr.,Prof.,dipl.,vb.,bvb.,nl.,Mr.,Mvr.,Mevr.,Mej.,t.a.v.,o.l.v.,i.p.v.,d.w.z.,o.a.,t.e.m.,[Tt]el.,blz.,pag.,St.,ong.,ca.,V.U.,m.b.t.,t.g.v.,i.v.m.,t.o.v.,i.s.m.,n.a.v.,m.a.w.,v.a.,tss.
abbreviations.pt = a. C.,abrev.,Adj.,adj.,Adm.,adm.,Adv.,adv.,Art.,art.,av.,Ca.,Capt.,cf.,cit.,Cmdr.,c\u00F3d.,Col.,col.,Comdr.,Con.,con.,Corp.,corp.,Cpl.,cpl.,D.,d. C.,Dig.,DR.,Dr.,dr.,DRA.,Dra.,dra.,DRAS.,Dras.,dras.,DRS.,Drs.,drs.,e.g.,Eng.,eng.,Enga.,enga.,Engas.,engas.,Engos.,engos.,etc.,Ex.,ex.,Exmo.,exmo.,Exo.,Fig.,fig.,Gen.,Hosp.,i. e.,i.e.,Insp.,Lda.,lda.,Lic.,M. D.,Maj.,MM.,Mons.,MR.,Mr.,MRS.,Mrs.,MS.,Ms.,Msgr.,No.,Nos.,Nr.,obs.,Op.,op.,Ord.,p.,p. ex.,P. S.,P.S.,Pfc.,Ph.,pp.,proc.,Prof.,prof.,Pvt.,rel.,Rep.,Reps.,Res.,Rev.,rev.,Rt.,S.,S. Ex.,S. M.,S. S.,Sen.,Sens.,Sfc.,Sgt.,Sr.,sr.,Sra.,sra.,Sras.,sras.,Srs.,srs.,St.,Sto.,sto.,Supt.,Surg.,v.,V. A.,V. Ex.,vol.,vs.,
abbreviations.it = Ad es.,ad es.,add.,Add.,agg.,Agg.,all.,All.,Ammin.,ammin.,Append.,append.,Arch.,arch.,Art.,art.,Artt.,artt.,Assist.,av.,Av.,Avv.,avv.,Avvoc.,avvoc.,Brig.,C.A.P.,Ca.,ca.,Cap.,cap.,CAP.,Capit.,Card.,Cav.,Cell.,cell.,cfr.,CFR.,Cfr.,Chir.,chir.,Cod.,cod.,Col.,Com.,com.,Comm.,comm.,corr.,D.lgs,d.lgs,dd.gg.,DD.GG.,ddgg.,DDGG.,Dep.,dep.,Dir.,dir.,Dirett.,dirett.,Dlgs.,dlgs.,Dott.,dott.,Dr.,dr.,ecc.,Egr.,egr.,emend.,Emend.,es.,Es.,etc.,Flli.,Gen.,gen.,Gent.,Geom.,geom.,I.V.A.,id.,Ill.,Ing.,ing.,ingg.,Ispett.,ispett.,IVA.,Leg.,leg.,Legisl.,legisl.,Lgs.,lgs.,Magg.,magg.,Mme.,Mons.,mons.,Monss.,monss.,Mr.,mr.,n.b.,N.,N.B.,N.D.,n.d.,n.d.t.,N.d.T.,N.D.T.,n.d.t.,nb.,NB.,Nb.,ND.,nd.,ndt.,NdT.,Nr.,nr.,NR.,Ns.,ns.,Num.,num.,o.d.g.,O.D.G.,odg.,ODG.,Odg.,On.,op.cit.,Op.cit.,Osped.,osped.,p. es.,p.es.,P.S.,P.s.,p.v.,Pag.,pag.,Pagg.,pagg.,Par.,par.,Paragr.,paragr.,Ple.,Pres.,pres.,Presid.,presid.,Prim.,Prof.,prof.,Proff.,proff.,Prov.,prov.,PS.,Pza.,pza.,Pzza.,R.S.V.P.,r.s.v.p.,Rag.,rag.,Rappr.,rappr.,Rappres.,rappres.,Reg.,rett.,rettif.,Rev.,Rever.,rever.,s.a.s.,S.A.S.,S.a.S.,s.l.m.,S.L.M.,s.n.c.,S.p.A.,s.p.a.,S.P.A.,s.r.l.,S.R.L.,sas.,seg.,segg.,Sen.,Serg.,serg.,Sig.,sig.,Sigg.,sigg.,slm.,snc.,Soprint.,soprint.,spa.,Spa.,SpA.,SPA.,Spett.,spett.,srl.,SRL.,Tel.,tel.,Ten.,Univ.,univ.,Vle.,vle.,vol.,voll.,Vs.,vs.
abbreviations.sv = art.,dvs.,d.v.s.,etc.,fr.o.m.,kl.,mfl.,m.m.,mm.,osv.,o.s.v.,p.g.a.,pga.,t.ex.,t.o.m.,bl.a.,em.,fm.,f.d.,forts.,inkl.,m.v.h.,mvh.,kap.,s.k.,st.,tel.

# Leverager Configuration
analyzer.tm.leverage=true
analyzer.tm.leverage.minscore=75
analyzer.tm.leverage.propagate=true
analyzer.tm.leverage.projecttm=true

# Penalizer Configuration
penalizer.tu.case=1
penalizer.tu.nonliteral=0.5
penalizer.tu.nonliteral.min=1
penalizer.tu.nonliteral.max=10
penalizer.tu.tag=0.5
penalizer.tu.tag.min=1
penalizer.tu.tag.max=10
penalizer.tm.align=3
penalizer.tm.mt=15
penalizer.tu.multiple.translations=0
tmrepository.glserver.searchdepth=5000
tmrepository.glserver.purgeprivatetus=true

# Cleaner Configuration
cleaner.custom2.filename=true
cleaner.defaultuser=ProjectDirectorTPT
cleaner.addmode=overwrite
cleaner.tm.writepublictu=true

#Segmenter
segmenter.normalizewhitespace=false
segmenter.idml.simplify.office=true
